ID,coin,BullBear,ID_old,alt_rank,average_sentiment,galaxy_score,rate,social_contributors,social_score,social_score_change,social_score_old
1,ZIL,20.67796610169492,1,16.0,70.73,77.5,1325,179.0,7424268.0,-0.4369271792951688,7456849.0
2,BUY,38.45454545454545,2,59.0,71.77,72.0,1318,30.0,634847.0,0.00015751851630159126,634846.0
3,ETN,24.77777777777778,4,91.0,70.31,71.0,1293,10.0,170079.0,-8.11010859581825,185090.0
4,ETC,14.08860759493671,3,8.0,69.38,77.0,1293,68.0,3997627.0,0.016562566847595613,3996965.0
5,WHITE,513.0,5,285.0,71.15,69.0,1292,100.0,694801.0,0.20797307022768868,693359.0
6,ANKR,13.065217391304348,10,68.0,70.42,72.0,1276,23.0,513465.0,0.032144944476914086,513300.0
7,VET,9.431506849315069,6,82.0,71.04,80.5,1275,204.0,6276818.0,0.11843251810821238,6269393.0
8,DGB,28.151515151515152,9,227.0,69.69,68.0,1260,82.0,2758583.0,0.052881171510178175,2757125.0
9,CMT,116.65454545454546,31,349.0,74.48,66.0,1258,133.0,643878.0,-0.8613150374458022,649472.0
10,ATOM,11.337078651685394,13,111.0,69.27,73.0,1253,58.0,1744170.0,0.008887538237916532,1744015.0
11,LTC,9.504807692307692,7,20.0,69.9,73.5,1251,173.0,7181841.0,0.027159186678460717,7179891.0
12,WAVES,9.803921568627452,12,1.0,67.71,76.5,1240,56.0,2935144.0,-0.19083528181188783,2940756.0
13,UTK,12.912280701754383,8,4.0,68.65,70.5,1238,35.0,2154409.0,0.1668200189602017,2150821.0
14,GVT,24.73684210526316,21,108.0,71.04,66.0,1237,17.0,302658.0,-0.7587581810789187,304972.0
15,EOS,22.7,11,65.0,72.19,65.5,1233,35.0,961978.0,0.0,961978.0
16,ETH,9.00723856460804,14,6.0,68.33,76.0,1228,3763.0,399841480.0,-0.10837791161178098,400275290.0
17,TOMO,15.66,18,29.0,64.58,76.0,1218,45.0,644224.0,3.1066895215048342,624813.0
18,CELR,11.181818181818182,17,167.0,66.25,73.0,1218,12.0,504836.0,0.0,504836.0
19,STORJ,12.8,15,355.0,65.1,77.5,1217,6.0,277471.0,0.0,277471.0
20,TEL,8.503597122302159,20,5.0,67.81,77.0,1216,86.0,2451510.0,0.36876106191067115,2442503.0
21,XDC,20.74468085106383,19,327.0,70.63,65.5,1215,43.0,762388.0,0.2995615114108334,760111.0
22,JGN,56.05263157894737,23,26.0,63.65,71.5,1203,52.0,646248.0,0.14551168509969642,645309.0
23,IOST,44.5,22,105.0,68.96,65.0,1203,11.0,257260.0,-0.0003887102981019276,257261.0
24,CWS,18.0,25,73.0,65.1,70.5,1200,14.0,280379.0,-0.09264571210701292,280639.0
25,TRAC,21.0,24,183.0,69.9,65.0,1192,9.0,515078.0,0.0,515078.0
26,XRP,7.036849710982659,37,174.0,68.44,76.0,1187,520.0,18868606.0,0.32943132724694046,18806651.0
27,HEX,13.375,30,238.0,69.48,65.5,1179,6.0,123709.0,1.3459931512460472,122066.0
28,ZEE,12.523809523809524,33,415.0,69.27,65.5,1176,11.0,760554.0,0.4429477020602219,757200.0
29,WBTC,28.2,32,153.0,70.31,63.5,1170,13.0,178446.0,0.0,178446.0
30,QNT,40.16666666666666,46,358.0,72.5,63.0,1169,42.0,297918.0,0.0026853747776174014,297910.0
31,DCR,10.6875,27,306.0,65.73,69.0,1168,12.0,637899.0,0.0,637899.0
32,BSV,6.972972972972973,34,45.0,68.65,72.0,1168,117.0,1898487.0,0.06166602628870136,1897317.0
33,KAVA,9.181818181818182,35,30.0,65.63,71.5,1166,13.0,357383.0,0.013992550366185044,357333.0
34,ADA,7.749445676274944,29,79.0,68.23,70.0,1160,625.0,16627583.0,-0.007649354089623128,16628855.0
35,CAKE,8.419732441471572,36,31.0,64.58,76.0,1152,4366.0,54129302.0,-0.11786354798618925,54193176.0
36,DOGE,8.327181028007297,39,39.0,67.08,69.0,1151,3468.0,221717999.0,0.20282940418277826,221269200.0
37,BNB,8.84897451833437,38,15.0,64.17,75.0,1149,1976.0,22589315.0,1.7432951882744931,22202264.0
38,XEM,12.70408163265306,28,89.0,68.33,65.0,1148,76.0,1174187.0,0.29734194580022655,1170706.0
39,XTZ,6.81586679725759,40,36.0,66.88,72.5,1144,321.0,11093827.0,-0.02789061687556243,11096922.0
40,ICX,8.859154929577464,42,281.0,66.15,68.5,1141,45.0,1251389.0,0.21357836251783824,1248722.0
41,NIOX,33.5,43,145.0,63.96,66.0,1135,6.0,600121.0,0.4153008756122007,597639.0
42,HBAR,7.631713554987212,41,172.0,69.48,66.5,1129,129.0,8602272.0,-0.006823313040467128,8602859.0
43,BCP3,22.5,48,208.0,65.63,64.5,1125,2.0,89454.0,-0.039110952184067314,89489.0
44,JST,15.76923076923077,49,60.0,68.02,63.5,1123,14.0,321792.0,0.0,321792.0
45,OXT,9.0,50,212.0,67.08,66.0,1122,4.0,224222.0,0.0,224222.0
46,YOU,176.5,51,414.0,78.85,60.5,1121,37.0,410177.0,0.0,410177.0
47,LPT,10.0,52,224.0,66.04,65.5,1116,2.0,152748.0,0.0,152748.0
48,ALGO,7.611111111111111,58,43.0,66.46,67.0,1111,121.0,2506642.0,-0.19919216290518763,2511645.0
49,SXP,6.874788494077834,55,3.0,64.58,74.0,1111,304.0,7757731.0,0.6583763570473038,7706990.0
50,XLM,15.80188679245283,16,23.0,69.69,62.0,1110,123.0,3172564.0,0.03787015236035736,3171363.0
51,JUP,9.615384615384617,57,70.0,64.06,68.0,1109,17.0,393394.0,-7.886221123271377,427074.0
52,LUNA,7.963636363636364,53,38.0,66.15,67.0,1108,109.0,5338554.0,0.5071526254909994,5311616.0
53,CEL,6.592592592592593,56,166.0,69.69,66.5,1106,35.0,2181259.0,-0.17075593023309033,2184990.0
54,SYS,7.666666666666667,61,14.0,66.15,67.0,1105,35.0,2918200.0,0.005380318247537819,2918043.0
55,BURGER,7.093023255813954,45,2.0,70.1,65.5,1103,46.0,4091600.0,-0.19090477544905068,4099426.0
56,FLOW,6.354166666666667,54,123.0,69.17,67.0,1102,26.0,2602305.0,-0.05472917698839742,2603730.0
57,BTC,6.361022364217252,59,42.0,66.67,69.0,1096,9334.0,1005996831.0,0.08339470159346458,1005158582.0
58,FSN,14.525,44,21.0,69.69,62.0,1095,39.0,307956.0,0.04743185731457718,307810.0
59,VRA,6.717948717948718,60,96.0,64.27,73.0,1093,28.0,714920.0,-0.5746455054710925,719052.0
60,AAVE,5.754385964912281,65,27.0,65.94,70.5,1081,50.0,2621676.0,-0.39656337073546205,2632114.0
61,RVN,7.267080745341615,70,260.0,67.6,65.5,1078,53.0,1984698.0,-0.037875544586869474,1985450.0
62,LRC,8.875,67,229.0,62.71,70.5,1077,9.0,492389.0,0.0,492389.0
63,THETA,5.225274725274725,66,19.0,65.1,75.5,1077,57.0,3792624.0,-1.436933654476865,3847916.0
64,OMG,6.294117647058823,62,34.0,64.38,71.5,1075,15.0,276175.0,-0.1955073071307767,276716.0
65,DAO,7.213592233009709,63,235.0,66.25,65.5,1072,42.0,2639885.0,-0.04350568754510544,2641034.0
66,ZEC,11.625,64,101.0,68.54,62.0,1066,31.0,2381326.0,0.8761168562477019,2360644.0
67,VRX,14.181818181818182,71,318.0,69.69,60.0,1061,6.0,,,
68,BCH,7.504672897196261,69,57.0,67.6,64.5,1056,40.0,4338498.0,1.0147816696678909,4294914.0
69,RLC,9.8,47,266.0,65.94,63.5,1054,4.0,41204.0,0.0,41204.0
70,YF-DAI,9.416666666666666,98,430.0,63.54,65.5,1054,4.0,1005556.0,0.0,1005556.0
71,ENJ,5.297297297297297,68,132.0,65.52,70.0,1053,36.0,521381.0,0.0,521381.0
72,POND,9.5,72,182.0,63.02,66.0,1049,12.0,805218.0,-0.08660952258051707,805916.0
73,RSR,5.963235294117647,76,119.0,64.48,69.0,1040,42.0,1599103.0,0.05199365314539703,1598272.0
74,IDEA,12.666666666666666,78,530.0,68.75,60.0,1038,5.0,107130.0,-0.0028002576237013805,107133.0
75,UBT,7.333333333333333,89,190.0,69.17,63.0,1035,7.0,147233.0,0.07000611703935296,147130.0
76,HELMET,15.333333333333334,77,282.0,68.33,59.5,1035,5.0,67523.0,0.0,67523.0
77,COTI,7.068965517241379,79,286.0,63.23,67.5,1028,23.0,631097.0,1.013986125916749,624762.0
78,CRO,6.516129032258065,75,135.0,64.69,66.0,1027,35.0,268206.0,0.0,268206.0
79,MITX,5.0,83,146.0,66.15,67.0,1026,6.0,172909.0,0.0,172909.0
80,MIOTA,6.166666666666667,86,181.0,71.56,63.0,1023,10.0,32304.0,0.0,32304.0
81,HTR,5.2639593908629445,74,334.0,64.48,69.0,1017,47.0,2443732.0,0.7365623134685209,2425864.0
82,MARSH,18.33333333333333,80,93.0,58.96,68.0,1016,11.0,901146.0,0.0,901146.0
83,KLV,5.124260355029586,87,147.0,63.44,71.0,1012,79.0,4190522.0,-0.20653958675412787,4199195.0
84,DENT,8.642857142857142,73,94.0,67.08,62.0,1010,41.0,682326.0,-0.007180802344751786,682375.0
85,AMP,24.285714285714285,85,136.0,69.27,57.0,1010,21.0,614454.0,0.1098113330509303,613780.0
86,QRL,22.4,84,792.0,66.98,58.5,1008,5.0,2852.0,0.0,2852.0
87,ROSE,20.0,96,164.0,61.25,64.5,1005,5.0,50933.0,-11.662070520491874,57657.0
88,MAN,11.555555555555555,91,188.0,65.0,62.0,1005,4.0,135146.0,0.0,135146.0
89,ARDR,6.333333333333333,114,192.0,66.15,64.5,1002,3.0,123272.0,0.0,123272.0
90,TRX,5.37037037037037,82,71.0,62.92,71.0,1002,20.0,308823.0,16.37625016015616,265366.0
91,KAI,4.647058823529412,97,223.0,67.71,65.5,995,17.0,479394.0,-2.8402458006355795,493408.0
92,BAT,4.619047619047619,92,77.0,65.1,68.5,994,22.0,2616671.0,-0.015971944400820913,2617089.0
93,BAND,12.4,81,125.0,61.56,64.5,994,5.0,163720.0,0.15844758076850135,163461.0
94,LSK,7.857142857142857,95,92.0,61.04,68.0,992,9.0,69762.0,0.0,69762.0
95,OCEAN,4.09433962264151,100,17.0,63.23,76.0,989,36.0,1471588.0,3.338515750193463,1424046.0
96,SCRT,5.727272727272728,94,55.0,60.73,78.0,989,10.0,565457.0,-3.480760400717591,585849.0
97,TWT,4.764705882352941,99,10.0,62.81,72.0,982,42.0,1469038.0,0.0,1469038.0
98,UOS,7.733333333333333,101,98.0,65.52,62.5,981,9.0,198483.0,0.0,198483.0
99,COPE,8.933566433566433,90,256.0,66.35,60.0,976,636.0,6661968.0,-0.0016661465587544068,6662079.0
100,BAKE,6.953079178885631,106,273.0,63.54,64.5,974,135.0,5188176.0,0.04367602914897691,5185911.0
101,PAINT,6.095238095238095,104,361.0,62.08,68.5,974,9.0,125357.0,0.0,125357.0
102,KCS,8.666666666666666,88,115.0,67.92,59.5,973,25.0,426160.0,0.0,426160.0
103,DAI,8.421052631578947,184,213.0,65.42,62.0,973,13.0,611905.0,0.7451689966231957,607379.0
104,BEPRO,9.857142857142858,93,525.0,63.96,61.5,967,12.0,123507.0,0.8912233694941838,122416.0
105,HOT,4.908127208480566,103,122.0,63.75,67.0,966,90.0,2340326.0,0.2880523002188889,2333604.0
106,FRM,6.0,109,595.0,70.73,61.0,962,3.0,72588.0,0.0,72588.0
107,DAG,8.444444444444445,105,320.0,66.88,60.0,961,14.0,439157.0,-0.3379129732256732,440646.0
108,DOT,4.947552447552448,102,53.0,65.21,65.0,957,119.0,4406197.0,0.024607768291074486,4405113.0
109,OKB,36.625,107,62.0,71.77,51.0,955,19.0,483869.0,0.0,483869.0
110,PICKLE,22.5,110,339.0,65.94,56.5,950,2.0,,,
111,ELONGATE,5.409176029962547,115,1612.0,62.71,66.5,946,218.0,2680631.0,-0.03087871192511241,2681459.0
112,REN,5.138888888888889,116,120.0,63.96,65.0,946,23.0,1043336.0,-0.013991616530040767,1043482.0
113,ERSDL,5.446601941747573,112,61.0,64.37,64.5,945,28.0,1281513.0,-0.4797734860304219,1287691.0
114,KICK,9.0,111,619.0,66.56,58.5,944,4.0,39692.0,0.0,39692.0
115,AVA,5.444444444444445,108,75.0,60.0,72.5,944,9.0,414300.0,-0.023648762783604168,414398.0
116,SC,6.16,113,210.0,59.06,74.5,943,31.0,868697.0,0.0,868697.0
117,RDD,15.181818181818182,26,202.0,70.31,52.0,934,10.0,376943.0,0.0,376943.0
118,ANY,4.789473684210527,127,49.0,63.44,66.0,933,9.0,580445.0,0.2493950787649762,579001.0
119,POLS,5.814363968350579,121,102.0,64.17,63.5,931,408.0,5277313.0,0.34150594978240667,5259352.0
120,XOR,3.7,118,326.0,65.52,66.5,930,3.0,141706.0,0.0,141706.0
121,BNT,3.944954128440367,117,74.0,62.81,70.5,929,27.0,1478197.0,0.10842505329826167,1476596.0
122,NEBL,9.25,119,310.0,65.63,58.5,926,4.0,70705.0,0.0,70705.0
123,BOND,9.857142857142858,120,187.0,54.69,71.5,923,11.0,52983.0,0.0,52983.0
124,PMA,12.5,122,263.0,61.46,62.0,922,3.0,32157.0,0.0,32157.0
125,NWC,4.103448275862069,124,95.0,61.88,70.5,918,10.0,313190.0,-0.008939460695106923,313218.0
126,XEND,8.5,128,236.0,62.81,62.0,913,6.0,399661.0,0.0007506417987379209,399658.0
127,SAFEMOON,4.75439927184466,125,9.0,61.87,68.0,912,3098.0,54304992.0,0.06930498324020865,54267382.0
128,GALA,4.48,126,244.0,65.52,64.0,912,6.0,154334.0,0.0,154334.0
129,PCX,2.875,129,537.0,66.25,66.5,904,3.0,154799.0,0.0,154799.0
130,SUSHI,5.1466666666666665,132,100.0,60.83,68.0,904,88.0,3086210.0,-0.10655438967186297,3089502.0
131,BZRX,7.0,133,429.0,61.25,64.0,898,4.0,137853.0,0.0,137853.0
132,CVC,12.5,130,78.0,63.02,58.5,897,6.0,148076.0,0.0,148076.0
133,TRUFI,3.6376456161863886,131,269.0,62.92,68.5,896,303.0,18360483.0,0.18129281430385355,18327257.0
134,NKN,4.961538461538462,134,396.0,64.06,63.0,886,9.0,153359.0,-0.06646639862896762,153461.0
135,QTUM,9.8,123,186.0,61.98,60.0,883,9.0,258993.0,0.0,258993.0
136,ORAI,6.777777777777778,136,201.0,65.42,59.0,883,4.0,247986.0,0.0,247986.0
137,BTS,10.666666666666666,147,472.0,62.19,59.0,879,4.0,71591.0,-2.492474904999932,73421.0
138,FIL,5.393939393939394,138,106.0,63.33,63.0,876,53.0,1898601.0,2.9978734254125663,1843340.0
139,CHR,4.766666666666667,139,307.0,59.79,68.0,872,14.0,643226.0,0.0,643226.0
140,SKL,3.5384615384615383,165,46.0,63.12,66.5,871,16.0,379165.0,-0.18795458553907954,379879.0
141,REEF,3.925,140,40.0,61.04,69.5,870,27.0,585874.0,-0.0003413691634407281,585876.0
142,LOOM,10.666666666666666,156,277.0,65.1,55.0,869,3.0,26537.0,0.0,26537.0
143,AXS,4.669527896995708,142,133.0,59.38,69.0,864,68.0,1747534.0,-0.023284538780199104,1747941.0
144,TROY,4.777777777777778,221,364.0,62.29,64.0,854,5.0,227960.0,0.003948216941360204,227951.0
145,BAL,4.176470588235294,143,66.0,62.81,64.5,853,9.0,659240.0,-0.385920694355041,661794.0
146,TFUEL,4.461538461538462,135,35.0,62.08,65.0,850,12.0,680369.0,0.027051463939957512,680185.0
147,EGLD,4.350148367952523,144,13.0,57.6,73.5,850,91.0,4161455.0,0.08944771866227197,4157736.0
148,KMD,3.055555555555556,219,191.0,63.13,67.0,849,4.0,307763.0,-1.98536928696771,313997.0
149,MBL,7.25,151,160.0,63.85,58.5,845,4.0,225805.0,0.0,225805.0
150,TRB,5.111111111111111,159,41.0,62.4,63.0,842,13.0,798133.0,0.0011276443259443396,798124.0
151,XMR,3.4705882352941178,141,169.0,65.1,63.5,839,25.0,185797.0,0.0,185797.0
152,YFI,3.196078431372549,153,22.0,60.1,73.0,835,25.0,1563068.0,-0.009787483663538297,1563221.0
153,PNT,10.75,150,137.0,61.46,58.0,833,7.0,174693.0,0.0,174693.0
154,ZRX,3.941176470588236,137,234.0,64.9,62.5,831,11.0,293376.0,0.0,293376.0
155,BTR,3.1,152,312.0,60.83,70.5,829,16.0,1066430.0,-2.0993336993182767,1089298.0
156,ORN,4.302083333333333,145,248.0,62.81,63.5,828,29.0,599361.0,0.03104268369007385,599175.0
157,SHA,6.755555555555556,149,139.0,61.25,62.0,828,14.0,242022.0,-0.17159026225261717,242438.0
158,RFUEL,9.666666666666666,162,117.0,58.75,61.5,828,4.0,177394.0,0.0,177394.0
159,WRX,3.625222024866785,158,189.0,59.27,71.0,826,119.0,1799552.0,-0.1180011078561208,1801678.0
160,RARI,3.081237911025145,170,72.0,59.79,73.0,824,270.0,19663413.0,-0.06589627085349392,19676379.0
161,COV,4.954545454545454,173,289.0,64.79,59.5,823,5.0,366338.0,0.0,366338.0
162,TCT,6.9,157,87.0,58.23,64.5,823,7.0,266929.0,0.0,266929.0
163,DHT,3.888888888888889,161,490.0,60.0,68.0,822,3.0,136514.0,0.0,136514.0
164,DUSK,3.3947368421052637,168,185.0,62.71,65.5,821,6.0,64097.0,0.0,64097.0
165,NIM,6.28,160,514.0,57.92,65.0,820,9.0,168790.0,0.0,168790.0
166,INJ,3.2777777777777777,172,411.0,60.63,69.5,816,8.0,50559.0,0.0,50559.0
167,ONE,6.733333333333333,155,198.0,63.02,58.5,816,19.0,525858.0,0.0,525858.0
168,ZAP,9.4375,163,129.0,66.98,49.0,816,5.0,752380.0,0.0,752380.0
169,WTC,7.5,164,168.0,64.06,56.5,813,4.0,230074.0,0.0,230074.0
170,VGX,4.214285714285714,167,406.0,62.92,63.0,813,12.0,168042.0,0.6299778429846099,166990.0
171,PIVX,14.0,166,401.0,60.31,57.0,809,4.0,,,
172,ZKS,8.142857142857142,169,372.0,65.83,53.0,809,3.0,26754.0,0.0,26754.0
173,DEXT,4.08,154,383.0,63.13,63.0,807,30.0,655183.0,0.0783600898162433,654670.0
174,AR,5.485714285714286,180,337.0,60.1,63.0,805,14.0,597015.0,-0.014570374910819257,597102.0
175,MX,33.5,175,540.0,53.54,63.0,804,2.0,,,
176,BOA,7.125,185,587.0,60.83,60.0,803,22.0,12135.0,-4.116624525916562,12656.0
177,COMP,3.068493150684932,177,237.0,62.92,65.0,801,36.0,2677527.0,0.22549104380567792,2671503.0
178,NANO,3.847682119205298,331,287.0,58.23,70.0,800,55.0,912139.0,-0.14789433929216522,913490.0
179,NCT,5.75,176,243.0,60.0,63.0,800,2.0,87818.0,0.0,87818.0
180,MTV,4.851851851851852,205,316.0,61.46,62.5,799,27.0,106515.0,0.0,106515.0
181,OCTO,8.5,174,624.0,56.04,63.5,796,2.0,49698.0,-0.7032967032967034,50050.0
182,SRM,2.8783269961977185,178,7.0,60.62,69.5,796,55.0,3796878.0,0.007717461876923603,3796585.0
183,API3,6.222222222222222,171,81.0,62.29,59.5,791,7.0,323501.0,-11.148067785437666,364090.0
184,OM,3.381818181818182,181,341.0,66.04,61.0,790,15.0,509540.0,0.0,509540.0
185,FTT,3.4375,182,84.0,61.87,64.5,779,11.0,1077394.0,0.2652287854196757,1074544.0
186,FTM,4.046632124352332,211,275.0,61.15,63.5,772,106.0,2850006.0,0.05785789567182215,2848358.0
187,LIEN,8.666666666666666,192,519.0,57.4,61.5,772,4.0,145729.0,0.0,145729.0
188,STMX,5.125,179,219.0,61.25,61.5,769,10.0,274273.0,-0.8036311687372285,276495.0
189,PPAY,6.181818181818182,189,459.0,60.73,60.5,769,4.0,97173.0,0.0,97173.0
190,AERGO,13.5,188,390.0,60.0,55.5,768,2.0,36929.0,0.0,36929.0
191,EWT,3.658536585365854,186,155.0,63.75,61.5,767,11.0,194875.0,0.0,194875.0
192,MATIC,5.401658767772512,183,58.0,65.1,55.5,765,259.0,10935630.0,-0.007196141112761154,10936417.0
193,SOL,3.5483304042179262,203,48.0,58.85,67.0,764,445.0,9281386.0,-0.8032984818010319,9356547.0
194,NEO,13.875,190,107.0,62.4,50.5,762,7.0,121067.0,0.0,121067.0
195,KNC,5.444444444444445,146,148.0,60.62,61.5,760,6.0,782920.0,0.0,782920.0
196,ARRR,4.72289156626506,199,344.0,61.25,61.5,755,26.0,509734.0,0.08580455019369837,509297.0
197,SHIB,4.073896353166987,198,232.0,61.56,62.5,754,217.0,2692178.0,0.4642619779478359,2679737.0
198,RUNE,2.884816753926702,196,37.0,58.65,70.0,751,43.0,2976334.0,-0.15659164267585193,2981002.0
199,LIT2,3.48,210,69.0,60.73,64.5,750,17.0,685553.0,3.4562740511582284,662650.0
200,XPRT,8.25,195,477.0,61.67,55.5,750,5.0,223996.0,0.00044643853657447714,223995.0
201,SOLO,4.666666666666667,191,528.0,56.67,65.5,750,5.0,63097.0,29.89336297760211,48576.0
202,IOTX,6.954545454545454,187,340.0,63.65,53.5,749,10.0,315096.0,-0.0003173625899326239,315097.0
203,UNFI,4.352941176470588,202,83.0,57.92,65.0,749,7.0,235970.0,0.0,235970.0
204,WABI,1.7755102040816326,193,52.0,63.33,66.0,748,9.0,293082.0,-0.05013146721504353,293229.0
205,XHV,4.222222222222222,200,267.0,63.33,59.0,745,6.0,99792.0,0.9376422394173873,98865.0
206,VIDT,4.0,215,217.0,61.67,62.0,744,7.0,238933.0,0.0,238933.0
207,MRPH,4.052631578947368,201,656.0,62.5,61.0,743,4.0,33795.0,0.0,33795.0
208,XVG,4.5606060606060606,197,144.0,62.92,59.0,742,43.0,3040243.0,-0.0037824493036675284,3040358.0
209,ADK,13.5,207,254.0,57.4,57.0,742,4.0,106005.0,0.0,106005.0
210,REQ,8.8,224,261.0,62.6,52.5,741,5.0,102000.0,0.5223218685325712,101470.0
211,DRGN,4.888888888888889,217,331.0,58.75,63.0,740,7.0,273832.0,0.0,273832.0
212,DIA,1.8916256157635467,218,47.0,59.38,74.0,733,27.0,3946540.0,-0.02520560299022048,3947535.0
213,ACT,13.5,212,380.0,60.73,51.5,731,2.0,16237.0,0.0,16237.0
214,ONT,3.782608695652174,204,32.0,61.88,62.0,730,21.0,381282.0,0.0,381282.0
215,PERP,4.5,206,121.0,66.15,54.0,727,4.0,485560.0,0.0,485560.0
216,FNX,14.0,214,283.0,58.44,54.5,725,2.0,67222.0,0.0,67222.0
217,LINA,3.698924731182796,240,12.0,60.94,62.5,724,29.0,1026994.0,-0.022390442590905196,1027224.0
218,LTX,7.8,216,270.0,61.56,53.5,712,3.0,48268.0,0.0,48268.0
219,FXF,4.371428571428571,220,526.0,61.46,59.5,711,8.0,86377.0,-0.48962005483744614,86802.0
220,CTSI,2.75,229,114.0,60.52,65.0,710,11.0,720383.0,0.0008328972190950017,720377.0
221,SYLO,7.166666666666667,213,381.0,59.27,57.5,710,2.0,14709.0,0.0,14709.0
222,NEXO,3.5180722891566263,208,86.0,58.65,64.5,706,25.0,1210001.0,-0.058230487005102805,1210706.0
223,XED,3.548387096774193,223,258.0,58.75,64.5,702,7.0,162990.0,0.0,162990.0
224,CKB,5.769230769230769,222,376.0,64.17,51.0,701,6.0,75663.0,-3.6287446504992866,78512.0
225,XDB,14.0,239,389.0,55.52,57.0,699,3.0,91030.0,0.0,91030.0
226,DFY,1.0,226,572.0,81.0,61.0,698,0.01,,,
227,UMA,3.321428571428572,232,239.0,59.06,64.5,698,10.0,1403261.0,-0.16910470547893555,1405638.0
228,MKR,2.411458333333333,230,11.0,57.4,69.5,697,50.0,4214558.0,-0.26725971472734966,4225852.0
229,AMB,6.5,225,491.0,57.29,59.5,689,4.0,11398.0,0.0,11398.0
230,PERL,8.285714285714286,238,127.0,54.48,61.0,689,7.0,102663.0,0.0,102663.0
231,QKC,9.0,256,391.0,59.06,54.5,688,2.0,10628.0,0.0,10628.0
232,UNI,3.8577844311377247,234,104.0,59.69,62.0,687,149.0,4252899.0,0.05877092537857016,4250401.0
233,PHA,6.428571428571429,227,291.0,59.37,57.5,687,3.0,44956.0,0.0,44956.0
234,DODO,7.407407407407407,233,24.0,59.48,56.0,687,104.0,497280.0,0.1730386103730503,496421.0
235,AVAX,2.410480349344978,236,88.0,59.27,66.0,686,50.0,2640295.0,0.13091412723472728,2636843.0
236,LINK,3.327996118389132,194,64.0,65.21,57.0,686,413.0,18392054.0,-0.10011685731707463,18410486.0
237,GO,5.090909090909091,241,353.0,60.63,57.5,676,3.0,62472.0,0.0,62472.0
238,XVS,3.766129032258065,231,54.0,57.6,63.5,675,66.0,2681975.0,-4.7272356538021185,2815049.0
239,GHST,2.36,228,25.0,59.37,65.0,671,5.0,408273.0,0.08653657579917631,407920.0
240,NIF,9.333333333333334,235,268.0,59.17,53.0,671,2.0,32437.0,0.0,32437.0
241,LTO,4.080645161290323,243,324.0,63.13,56.0,669,11.0,646349.0,0.0,646349.0
242,QSP,3.571428571428572,242,548.0,55.1,66.0,668,5.0,114682.0,0.0,114682.0
243,CHONK,6.0,245,211.0,59.58,57.0,664,2.0,37615.0,-3.449780538514849,38959.0
244,SWRV,5.888888888888889,248,184.0,59.17,57.5,660,3.0,280692.0,0.0,280692.0
245,LPOOL,4.140350877192983,255,418.0,60.21,59.0,657,15.0,536759.0,-0.007451578710094467,536799.0
246,IRIS,6.25,250,85.0,61.46,52.5,651,7.0,133004.0,0.0,133004.0
247,WXT,4.166666666666667,252,643.0,55.31,63.5,648,4.0,15454.0,0.0,15454.0
248,BOR,12.166666666666666,249,458.0,53.75,57.0,648,9.0,358342.0,0.0921756812620806,358012.0
249,UNCX,5.243243243243243,253,63.0,54.69,62.5,646,90.0,511892.0,-0.3668906938224171,513777.0
250,AMPL,2.5,251,149.0,56.25,66.5,644,6.0,112022.0,-1.291766530382067,113488.0
251,UFT,9.285714285714286,254,265.0,56.46,55.0,644,6.0,69121.0,0.0,69121.0
252,RBC,6.142857142857143,244,103.0,53.44,62.5,639,4.0,692933.0,-0.35246712607710273,695384.0
253,ALBT,5.346153846153846,246,241.0,63.23,49.5,636,7.0,238088.0,0.0,238088.0
254,MATTER,3.3,264,586.0,57.6,63.0,635,2.0,114485.0,0.0,114485.0
255,YLDX,2.346041055718475,247,346.0,60.83,62.5,635,26.0,29332112.0,0.13682218175767513,29292034.0
256,MITH,8.8,148,99.0,59.79,49.5,635,11.0,270456.0,-1.8223003092828414,275476.0
257,BMI,4.666666666666667,261,245.0,58.44,58.5,629,3.0,100075.0,0.0,100075.0
258,OGN,3.3529411764705883,265,128.0,58.44,62.0,628,13.0,246617.0,-0.1449539427067517,246975.0
259,SNTVT,3.4565217391304346,257,110.0,63.85,54.5,627,8.0,351637.0,0.7376912983939816,349062.0
260,1INCH,3.333333333333333,262,278.0,59.38,61.0,625,1.0,32063.0,0.0,32063.0
261,CREAM,1.94,275,162.0,56.98,67.5,622,24.0,520478.0,9.858096599004165,473773.0
262,DOCK,4.2,259,97.0,56.67,61.5,620,5.0,123244.0,-0.00486815415821501,123250.0
263,RAY,2.6550387596899223,258,142.0,59.06,63.0,617,44.0,2186584.0,-0.0023323508495930964,2186635.0
264,STAKE,3.0,260,362.0,62.08,58.0,614,2.0,21382.0,0.0,21382.0
265,RFOX,5.625,266,635.0,62.19,48.5,610,3.0,81025.0,0.0,81025.0
266,WOO,4.0,263,180.0,63.23,52.0,609,12.0,372307.0,-0.3476924888786583,373606.0
267,KTN,4.5,286,556.0,55.42,61.5,603,3.0,191301.0,-0.06216696269982238,191420.0
268,ETHO,5.166666666666667,268,405.0,58.12,56.5,602,3.0,17854.0,0.0,17854.0
269,AION,13.0,237,345.0,57.08,46.5,597,4.0,86372.0,0.0,86372.0
270,GTO,3.0,270,271.0,55.63,64.0,595,3.0,137266.0,0.0,137266.0
271,STX,3.64,277,226.0,60.0,57.5,592,12.0,329633.0,0.45407032909432776,328143.0
272,WISE,2.458333333333333,276,195.0,60.83,60.0,591,4.0,63383.0,0.0,63383.0
273,ZEFU,8.0,274,479.0,55.83,53.5,588,1.0,1232.0,0.0,1232.0
274,SPARTA,2.095238095238096,272,156.0,57.92,64.0,583,13.0,274923.0,0.45785069609383566,273670.0
275,MDS,7.5,271,605.0,59.58,45.5,581,2.0,319038.0,0.0,319038.0
276,SKY,8.5,269,475.0,54.27,55.0,579,2.0,7516.0,0.0,7516.0
277,RAMP,2.364161849710982,281,18.0,58.65,62.5,579,28.0,1905717.0,4.10585411981162,1830557.0
278,MANA,3.3582089552238807,209,193.0,59.69,58.0,579,49.0,2021370.0,-0.06120810359694019,2022608.0
279,NRG,11.0,267,321.0,56.25,48.5,578,5.0,10047.0,0.0,10047.0
280,NXS,4.333333333333333,283,629.0,60.31,54.0,576,3.0,52169.0,-7.8058176934224015,56586.0
281,KEY,2.25,273,50.0,53.96,66.5,576,7.0,280785.0,-0.08646825227379479,281028.0
282,WAN,3.9642857142857135,288,290.0,57.5,58.5,569,12.0,102518.0,0.0,102518.0
283,PAID,1.8396436525612472,279,220.0,52.08,76.0,568,59.0,2597628.0,0.01624822982851572,2597206.0
284,TRADE,20.0,278,341.0,53.75,50.0,566,2.0,,,
285,CNS,2.0776699029126213,280,522.0,57.81,63.5,562,9.0,112564.0,0.6626543734294376,111823.0
286,AE,6.666666666666667,315,400.0,56.77,53.0,561,1.0,5654.0,0.0,5654.0
287,DUCK,2.0,287,739.0,63.96,56.5,561,2.0,7276.0,0.0,7276.0
288,WING,2.125,298,378.0,61.15,59.5,559,3.0,251606.0,4.577005245351089,240594.0
289,CHSB,1.9748743718592965,284,80.0,55.21,66.0,558,47.0,420088.0,0.40488152315759784,418394.0
290,XPR,5.0,282,454.0,56.88,55.5,553,3.0,22266.0,0.0,22266.0
291,SPI,2.4,292,461.0,56.04,63.0,550,12.0,245186.0,0.0,245186.0
292,WCRES,2.5,289,450.0,55.63,63.0,547,2.0,22724.0,0.0,22724.0
293,OCE,4.1,303,671.0,55.31,59.0,544,4.0,25336.0,-0.007893282816323309,25338.0
294,CHZ,2.5067114093959733,285,113.0,55.52,63.0,543,106.0,6823052.0,-0.114143937305597,6830849.0
295,BFT,6.285714285714286,295,483.0,53.02,57.5,536,12.0,76962.0,0.0,76962.0
296,NXM,4.0588235294117645,294,393.0,60.83,51.0,535,5.0,903544.0,0.08318628965886975,902793.0
297,HIVE,2.395348837209302,293,118.0,56.67,62.0,530,10.0,336247.0,0.0,336247.0
298,NOIA,2.863636363636364,291,274.0,57.92,59.0,525,11.0,287588.0,0.0,287588.0
299,DREP,2.8666666666666667,296,395.0,59.17,58.0,525,7.0,111659.0,0.0,111659.0
300,BIFI,3.875,302,544.0,59.27,54.0,522,6.0,176714.0,0.013583111664497141,176690.0
301,SENT,2.8,297,250.0,61.98,53.5,522,3.0,81568.0,0.05642648610191114,81522.0
302,SAND,2.230769230769231,301,51.0,51.77,66.5,519,17.0,485914.0,0.0,485914.0
303,AGI,2.357142857142857,305,205.0,56.77,61.5,518,3.0,963525.0,0.0,963525.0
304,BSCPAD,6.264705882352941,299,112.0,56.56,50.5,515,19.0,1083223.0,0.09711949671586402,1082172.0
305,OAX,9.5,308,764.0,54.17,47.0,511,1.0,2212.0,0.0,2212.0
306,DERO,3.1481481481481484,306,628.0,56.77,58.5,510,4.0,19195.0,0.0,19195.0
307,BAN,1.4814814814814814,300,492.0,55.62,65.0,509,31.0,72446.0,0.14791467949515474,72339.0
308,KSM,2.192982456140351,314,159.0,58.75,59.5,505,39.0,3821912.0,0.18708836038822735,3814775.0
309,DRC2,2.272727272727273,307,784.0,62.6,53.5,503,4.0,14769.0,0.0,14769.0
310,HARD,3.333333333333333,310,352.0,56.56,58.0,501,2.0,12697.0,0.0,12697.0
311,AUTOv2,1.1111111111111112,317,33.0,52.81,69.5,495,13.0,886411.0,0.0045127830220077145,886371.0
312,MAID,6.666666666666667,311,493.0,56.67,47.0,494,2.0,118373.0,0.0,118373.0
313,BEAM,4.75,312,206.0,55.63,53.5,486,2.0,138212.0,0.0,138212.0
314,DOV,2.6666666666666665,313,729.0,54.9,61.5,486,3.0,50656.0,0.0,50656.0
315,BUSD,1.5144927536231885,316,170.0,55.52,64.0,481,52.0,1170392.0,-0.12049796723684165,1171804.0
316,APL,3.7142857142857135,321,571.0,57.19,55.0,480,4.0,38344.0,0.0,38344.0
317,RNT,4.0,319,368.0,55.21,56.5,478,1.0,32342.0,0.0,32342.0
318,MLN,5.0,322,360.0,51.15,57.5,473,2.0,48777.0,0.0,48777.0
319,POLY,4.5,318,288.0,55.94,53.5,472,3.0,31197.0,0.0,31197.0
320,LCX,2.696969696969697,309,140.0,60.0,53.5,467,10.0,713975.0,-0.15885645724929418,715111.0
321,TUSD,1.4714285714285715,422,247.0,54.48,64.5,464,7.0,439593.0,0.0,439593.0
322,FARM,2.8260869565217392,327,561.0,60.94,50.5,464,5.0,76591.0,-3.6821388598951192,79519.0
323,GRT,1.8186813186813189,323,143.0,59.27,58.0,459,27.0,575112.0,-0.16924527024563998,576087.0
324,CAPP,6.5,325,295.0,54.58,49.5,459,2.0,42618.0,0.0,42618.0
325,STRONG,2.9285714285714284,324,416.0,61.98,46.0,454,4.0,61731.0,0.0,61731.0
326,SUTER,3.4,326,511.0,55.73,56.0,449,2.0,8460.0,0.0,8460.0
327,GAS,3.0,328,252.0,56.15,56.5,446,4.0,29567.0,0.0,29567.0
328,AST,2.0,343,473.0,52.08,64.0,445,3.0,34808.0,0.0,34808.0
329,WAXP,4.5,330,505.0,53.96,54.0,442,7.0,92714.0,0.0,92714.0
330,HT,2.1666666666666665,341,333.0,56.25,59.0,439,4.0,68384.0,0.0,68384.0
331,XZC,4.5,290,176.0,57.5,46.5,439,8.0,96704.0,0.01758250850683132,96687.0
332,ADX,3.5,304,173.0,51.04,60.0,434,2.0,19971.0,0.0,19971.0
333,BRY,2.1666666666666665,320,318.0,50.83,64.0,434,2.0,95295.0,0.14923333998928043,95153.0
334,SFP,1.78125,329,124.0,53.75,62.5,426,36.0,1047483.0,-0.0031503098759350693,1047516.0
335,MOD,4.083333333333333,333,255.0,57.6,47.0,422,6.0,139034.0,0.0,139034.0
336,CELO,2.4375,332,328.0,57.92,55.0,421,6.0,214012.0,-0.1315949116634157,214294.0
337,SWAP,2.103896103896104,334,222.0,57.29,57.5,421,12.0,384306.0,0.0,384306.0
338,DRC,2.272727272727273,336,200.0,62.6,44.5,421,4.0,14768.0,0.0,14768.0
339,PNK,2.571428571428572,337,175.0,55.73,57.0,420,1.0,165439.0,0.0,165439.0
340,ALPHA,1.7293233082706767,339,28.0,53.65,62.5,420,20.0,1606870.0,1.3579404317806505,1585342.0
341,CVP,3.7142857142857135,344,465.0,56.77,50.5,416,2.0,16183.0,0.0,16183.0
342,LAYER,1.4375,349,439.0,56.25,61.0,416,10.0,466756.0,0.135156588561891,466126.0
343,BRG,1.5579710144927537,347,157.0,50.73,64.5,410,92.0,1900572.0,0.060228658311870735,1899428.0
344,FRONT,0.7978723404255319,340,44.0,59.69,58.0,408,8.0,239229.0,0.0,239229.0
345,PRQ,0.7846153846153846,345,370.0,52.29,65.0,405,7.0,138603.0,-0.15775597527769375,138822.0
346,DOUGH,4.0,342,462.0,54.17,53.5,404,2.0,46227.0,0.0,46227.0
347,CETH,3.333333333333333,335,253.0,56.77,51.5,403,2.0,5846.0,0.24005486968449932,5832.0
348,MPH,3.4,359,233.0,53.44,56.5,399,3.0,283678.0,0.1009202800361337,283392.0
349,SKEY,2.7777777777777777,353,672.0,58.75,50.5,395,3.0,9499.0,0.0,9499.0
350,ENQ,2.8,346,755.0,54.38,56.5,394,1.0,58622.0,0.0,58622.0
351,BCD,2.1666666666666665,348,293.0,52.71,61.0,389,3.0,36944.0,0.0,36944.0
352,CRV,2.8,351,221.0,58.23,50.0,383,15.0,478971.0,0.0,478971.0
353,FXS,2.0,357,171.0,55.52,57.5,380,4.0,37111.0,0.0,37111.0
354,BEL,0.9545454545454546,354,536.0,55.83,60.5,379,4.0,83124.0,0.0,83124.0
355,ELA,3.1,350,373.0,57.5,49.0,379,2.0,12648.0,0.0,12648.0
356,SHIELD,2.026315789473684,352,150.0,54.06,58.5,376,12.0,189775.0,-0.10001842444660859,189965.0
357,AXN,1.2571428571428571,362,126.0,48.02,64.5,369,6.0,155340.0,0.0,155340.0
358,FEI,2.571428571428572,355,379.0,58.33,50.0,368,3.0,48127.0,0.0,48127.0
359,NAS,3.0,417,590.0,51.56,57.5,366,2.0,179.0,0.0,179.0
360,RGT,1.7142857142857142,358,154.0,55.1,58.5,365,2.0,148289.0,0.0,148289.0
361,BLZ,0.835820895522388,356,67.0,53.02,63.0,362,6.0,464794.0,0.0,464794.0
362,MIR,1.701219512195122,360,138.0,55.1,58.0,355,20.0,865241.0,0.7680697283863198,858646.0
363,HAI,1.6578947368421053,338,342.0,57.19,55.5,347,6.0,137460.0,-0.3060588039047882,137882.0
364,CHOW,3.0,361,292.0,53.65,53.5,345,2.0,19444.0,0.0,19444.0
365,FUSE,4.0,364,817.0,52.81,50.5,336,2.0,2573.0,0.0,2573.0
366,UST,1.2644628099173554,366,336.0,54.06,59.5,335,13.0,798408.0,-0.01966026560142255,798565.0
367,QLC,2.25,363,424.0,53.65,56.5,333,1.0,1570.0,0.0,1570.0
368,BSCS,1.4,369,1621.0,52.71,61.0,331,21.0,738450.0,0.006365087899155339,738403.0
369,BF,2.25,368,426.0,53.54,56.5,331,3.0,67620.0,0.0,67620.0
370,MTA,2.090909090909091,365,513.0,55.31,55.0,328,2.0,118129.0,0.0,118129.0
371,ARPA,1.4857142857142858,372,56.0,52.71,60.0,328,8.0,363560.0,0.0,363560.0
372,HEGIC,2.25,370,218.0,55.63,53.0,320,3.0,65647.0,0.0,65647.0
373,EXRD,1.643939393939394,377,448.0,52.92,59.0,320,14.0,854059.0,0.8141300011095871,847162.0
374,EDR,0.3536585365853658,374,109.0,41.56,64.0,313,28.0,1479312.0,-0.005542810096566567,1479394.0
375,MTL,1.3,373,209.0,51.04,61.5,312,2.0,8597.0,0.0,8597.0
376,USDT,1.3944,399,116.0,55.73,56.0,309,175.0,7629183.0,-0.686960545850633,7681955.0
377,VSYS,2.0,437,774.0,51.04,58.5,306,1.0,44.0,0.0,44.0
378,ONION,3.0,376,882.0,52.6,53.5,304,1.0,1397.0,0.0,1397.0
379,MATH,1.8,378,658.0,53.85,56.5,303,4.0,19326.0,0.0,19326.0
380,KSP,2.5,379,540.0,55.0,50.5,300,2.0,2271.0,0.0,2271.0
381,GSPI,1.4,380,365.0,49.69,61.0,286,4.0,53957.0,0.0,53957.0
382,ROOK,2.3846153846153846,390,303.0,54.69,50.0,276,3.0,104494.0,-0.8652258884693471,105406.0
383,ANT,1.1538461538461535,367,194.0,53.44,57.5,276,3.0,151171.0,0.0,151171.0
384,BADGER,2.183673469387755,385,298.0,55.83,48.5,275,8.0,435300.0,1.7712356566383929,427724.0
385,CND,2.6666666666666665,383,375.0,52.6,52.0,273,2.0,19794.0,0.0,19794.0
386,CDT,1.0961538461538465,371,214.0,49.69,61.0,269,9.0,197248.0,-0.15944281064774274,197563.0
387,ARK,1.4444444444444444,381,284.0,56.77,50.5,269,4.0,28382.0,-7.478158821228321,30676.0
388,SWTH,1.6666666666666667,382,354.0,52.29,57.0,268,6.0,148810.0,0.0,148810.0
389,NEAR,1.9583333333333333,386,228.0,53.23,54.5,267,6.0,140896.0,0.0,140896.0
390,CHI,1.0,393,311.0,48.44,61.0,266,2.0,20598.0,0.0,20598.0
391,HPB,3.0,384,722.0,53.23,48.0,265,2.0,13596.0,-7.162854216456128,14645.0
392,FLUX,0.0730337078651685,395,447.0,41.56,62.5,264,54.0,187468.0,0.0,187468.0
393,LYXE,1.146341463414634,391,1618.0,55.31,54.0,261,5.0,149329.0,0.0,149329.0
394,POOLZ,1.5625,388,394.0,55.1,53.0,260,2.0,51419.0,0.0,51419.0
395,DDIM,2.333333333333333,392,752.0,54.58,49.0,259,2.0,4386.0,0.0,4386.0
396,MARK,2.45,387,506.0,52.92,51.0,259,4.0,140958.0,0.0,140958.0
397,NMR,3.333333333333333,389,402.0,53.13,42.5,258,1.0,30588.0,0.0,30588.0
398,BTG,2.0,375,330.0,49.79,56.5,250,3.0,11578.0,-0.008636324380343726,11579.0
399,LXT,1.6666666666666667,397,852.0,51.35,56.5,246,1.0,8722.0,0.0,8722.0
400,VIB,1.2727272727272727,401,518.0,46.88,59.5,246,1.0,146033.0,0.0,146033.0
401,WETH,2.2,394,141.0,51.46,53.5,246,4.0,31835.0,0.0,31835.0
402,DF,1.9090909090909087,396,152.0,51.56,55.0,241,3.0,176571.0,0.0,176571.0
403,ZNN,2.6666666666666665,403,717.0,53.02,48.0,241,2.0,1715.0,0.0,1715.0
404,SHR,1.7272727272727273,400,259.0,52.4,54.5,238,7.0,41256.0,0.0,41256.0
405,BAX,1.5555555555555556,398,251.0,51.87,56.0,236,2.0,62332.0,0.0,62332.0
406,NFTX,1.5,405,392.0,50.52,57.0,230,1.0,18900.0,0.0,18900.0
407,1UP,1.8846153846153848,408,1613.0,56.46,38.0,229,5.0,73146.0,0.0,73146.0
408,STPT,2.0,402,302.0,48.96,56.0,228,2.0,38593.0,0.0,38593.0
409,AKRO,3.0,404,397.0,50.0,50.0,225,2.0,84290.0,0.0,84290.0
410,BONDLY,1.125,407,134.0,46.67,58.5,223,6.0,189899.0,-3.8325391078002906,197467.0
411,APPC,3.0,406,715.0,51.56,46.5,222,1.0,489.0,0.0,489.0
412,NAV,2.6666666666666665,409,451.0,53.13,44.0,222,1.0,66385.0,0.0,66385.0
413,REP,2.625,410,1617.0,53.54,22.0,221,3.0,82759.0,0.0,82759.0
414,ZCN,2.5,412,757.0,53.33,39.0,213,2.0,13456.0,0.0,13456.0
415,TEN,2.1666666666666665,411,568.0,51.04,52.0,208,2.0,25340.0,0.0,25340.0
416,COVAL,1.3333333333333333,415,497.0,51.04,56.0,207,1.0,1620.0,0.0,1620.0
417,DEC,1.6666666666666667,416,296.0,54.9,48.0,207,3.0,71614.0,0.0,71614.0
418,MONA,1.375,413,499.0,52.4,54.0,205,5.0,17338.0,0.0,17338.0
419,PRO,1.4285714285714286,414,230.0,53.13,52.5,202,1.0,10415.0,0.0,10415.0
420,TPAY,3.0,418,532.0,51.04,40.0,195,1.0,1241.0,0.0,1241.0
421,DMG,2.25,420,485.0,53.13,42.0,192,1.0,1445.0,0.0,1445.0
422,DASH,1.4,421,207.0,50.52,55.0,192,2.0,16417.0,0.0,16417.0
423,FRAX,2.111111111111111,426,609.0,49.38,52.0,191,2.0,10815.0,0.0,10815.0
424,TRTL,2.25,419,687.0,51.77,49.0,191,4.0,16175.0,0.0,16175.0
425,AAC,2.0,425,403.0,52.08,50.5,191,2.0,3692.0,0.0,3692.0
426,WIN,0.2193732193732193,428,76.0,41.35,58.5,183,57.0,350206.0,0.39446148553736776,348830.0
427,WASP,0.4375,423,1615.0,53.85,52.0,179,7.0,183442.0,0.0,183442.0
428,XRT,1.6,431,555.0,52.19,50.5,174,2.0,253568.0,0.0,253568.0
429,MTH,2.0,424,576.0,51.04,50.5,173,1.0,1990.0,0.0,1990.0
430,MEME,1.6666666666666667,427,314.0,53.75,44.5,163,3.0,66956.0,0.0,66956.0
431,WOW,1.2,430,538.0,54.06,47.5,159,3.0,61453.0,0.0,61453.0
432,IQ,1.0,432,199.0,51.56,53.0,157,2.0,153183.0,0.0,153183.0
433,HXRO,1.8333333333333333,429,366.0,52.19,48.0,157,2.0,305113.0,0.0,305113.0
434,DG,0.75,434,216.0,49.06,55.5,151,3.0,164430.0,-0.36598519093035375,165034.0
435,EROWAN,1.5,435,474.0,50.73,50.5,141,1.0,7477.0,0.0,7477.0
436,RING,0.8333333333333334,433,678.0,50.73,53.5,138,2.0,10055.0,0.0,10055.0
437,DEGO,0.9047619047619048,436,563.0,53.75,47.0,133,8.0,92623.0,0.0,92623.0
438,DBC,1.0,440,698.0,52.08,50.0,124,2.0,59422.0,0.0,59422.0
439,BAAS,1.0,438,901.0,50.0,52.5,124,1.0,276.0,0.0,276.0
440,MTLX,2.111111111111111,439,1636.0,50.42,36.0,124,2.0,48786.0,0.0,48786.0
441,NYZO,0.8421052631578947,441,158.0,47.6,53.5,119,2.0,134361.0,0.0,134361.0
442,POWR,0.9285714285714286,447,338.0,49.9,51.0,109,2.0,18115.0,0.0,18115.0
443,HYC,2.0,442,881.0,48.96,41.0,107,1.0,5266.0,0.0,5266.0
444,ESBC,0.8571428571428571,443,813.0,48.75,51.5,101,1.0,14229.0,0.0,14229.0
445,YFII,0.8333333333333334,444,215.0,47.4,52.0,93,2.0,89299.0,0.0,89299.0
446,UQC,1.0,445,438.0,48.96,50.0,92,1.0,495.0,0.0,495.0
447,BNANA,1.6666666666666667,446,435.0,48.96,42.5,86,1.0,16014.0,0.0,16014.0
448,NFY,1.4,448,632.0,50.52,45.0,85,1.0,9211.0,-0.10844810758052272,9221.0
449,COS,0.15,452,452.0,45.1,50.0,53,2.0,13035.0,-13.526602096324797,15074.0
450,STEEM,0.6,450,440.0,47.92,45.0,36,2.0,1407.0,0.0,1407.0
451,SMART,0.2538860103626943,449,409.0,41.67,47.0,34,17.0,442262.0,-0.15915406791025066,442967.0
452,COVER,0.4285714285714285,451,481.0,47.19,44.0,26,2.0,29902.0,0.0,29902.0
453,WOZX,0.2708333333333333,453,309.0,22.81,45.5,22,3.0,120959.0,0.0049606045323390075,120953.0
